descriptio,flood_cd,perimeter,Shape_Length,Shape_Area
Floodway,200.000000000000000,527.48716,0.006785142590328,0.000000647307184
Flood Fringe,100.000000000000000,null,0.005100003144127,0.000000205788857
Floodway,200.000000000000000,68.86382,0.000942735111377,0.000000019715580
Flood Fringe,100.000000000000000,null,0.000198698570016,0.000000001994892
Normal River Channel,500.000000000000000,74.87819,0.000702458281908,0.000000012661857
Flood Fringe,100.000000000000000,2874.84699,0.030837673145401,0.000008271189154
Flood Fringe,100.000000000000000,null,0.015607719781345,0.000002916560945
Flood Fringe,100.000000000000000,null,0.007050836981052,0.000000601190225
Floodway,200.000000000000000,26.83676,0.000354020293380,0.000000004435036
Flood Fringe,100.000000000000000,568.88333,0.007213940926353,0.000000870046254
Floodway,200.000000000000000,17139.50671,0.185475413325929,0.000068458619077
Flood Fringe,100.000000000000000,null,0.002409918296379,0.000000032556112
Floodway,200.000000000000000,16498.12247,0.200717516325483,0.000012432875278
Floodway,200.000000000000000,33.2068,0.000444185717083,0.000000005713342
Floodway,200.000000000000000,1196.20101,0.014274896287080,0.000001536375529
Flood Fringe,100.000000000000000,584.39904,0.007141927079567,0.000000777517611
Flood Fringe,100.000000000000000,376.67307,0.004875349158726,0.000000004134930
Normal River Channel,500.000000000000000,186.92264,0.002303825222383,0.000000092469915
Normal River Channel,500.000000000000000,288.6758,0.003594447935531,0.000000153629135
Floodway,200.000000000000000,32.63769,0.000440743899733,0.000000006802765
Flood Fringe,100.000000000000000,null,0.005659609746759,0.000000941365137
Floodway,200.000000000000000,7774.33844,0.084163164369712,0.000036084249060
Floodway,200.000000000000000,5653.05865,0.074466061105937,0.000021200810584
Normal River Channel,500.000000000000000,127.22974,0.001408654782049,0.000000053289274
Flood Fringe,100.000000000000000,null,0.000226116484258,0.000000002627784
Floodway,200.000000000000000,320.19882,0.003164024422617,0.000000516114970
Floodway,200.000000000000000,101.31853,0.001211762576378,0.000000082547690
Flood Fringe,100.000000000000000,33.02191,0.000457719197267,0.000000000609998
Floodway,200.000000000000000,320.48342,0.003311813639030,0.000000547590043
Flood Fringe,100.000000000000000,null,0.000539013110522,0.000000008041829
Flood Fringe,100.000000000000000,5033.50341,0.068452477522488,0.000029640441180
Floodway,200.000000000000000,38.31174,0.000506209836215,0.000000007604169
Flood Fringe,100.000000000000000,null,0.000314683593868,0.000000002320376
Flood Fringe,100.000000000000000,1280.07759,0.015268715324334,0.000004603872074
Flood Fringe,100.000000000000000,101.26801,0.001210849678749,0.000000082537529
Flood Fringe,100.000000000000000,null,0.000751227158400,0.000000019790556
Floodway,200.000000000000000,221.72473,0.002408596419594,0.000000207148682
Floodway,200.000000000000000,847.59534,0.010433678704333,0.000001772692513
Normal River Channel,500.000000000000000,1189.53359,0.001704733731118,0.000000041243543
Floodway,200.000000000000000,11206.96315,0.119587505689398,0.000058749442991
Normal River Channel,500.000000000000000,537.1913,0.006205617809996,0.000000248481064
Flood Fringe,100.000000000000000,3792.93306,0.044841680214209,0.000036719308519
Flood Fringe,100.000000000000000,null,0.003058586141182,0.000000268479069
Flood Fringe,100.000000000000000,2503.27319,0.029932828663741,0.000021744190994
Normal River Channel,500.000000000000000,789.35165,0.009800484049489,0.000000225796392
Flood Fringe,100.000000000000000,null,0.003222591149785,0.000000140522315
Floodway,200.000000000000000,616.3072,0.008501780138219,0.000001043232497
Floodway,200.000000000000000,11.79554,0.000142274810945,0.000000000954016
Floodway,200.000000000000000,1586.37528,0.015970807256004,0.000004608282521
Normal River Channel,500.000000000000000,194.42922,0.002235066624671,0.000000111596466
Flood Fringe,100.000000000000000,null,0.003608811404109,0.000000470937013
Floodway,200.000000000000000,547.27917,0.006016289060101,0.000001001329396
Normal River Channel,500.000000000000000,56573.89393,0.616339828222762,0.000026207854240
Floodway,200.000000000000000,87.37805,0.001103915890544,0.000000048802729
Floodway,200.000000000000000,60.69797,0.000716112358877,0.000000022486807
Flood Fringe,100.000000000000000,null,0.008557962533102,0.000001226125462
Flood Fringe,100.000000000000000,1272.21517,0.014841908676567,0.000002800848436
Flood Fringe,100.000000000000000,null,0.002121481326991,0.000000068021666
Floodway,200.000000000000000,138.06495,0.001901555092379,0.000000082567179
Flood Fringe,100.000000000000000,null,0.016031674911120,0.000001280044970
Floodway,200.000000000000000,63.40113,0.000685662557819,0.000000031451885
Normal River Channel,500.000000000000000,26362.63667,0.314214616473548,0.000480753894796
Normal River Channel,500.000000000000000,821.29092,0.009664800329487,0.000000324326669
Normal River Channel,500.000000000000000,1199.65879,0.013482819672114,0.000006422968789
Flood Fringe,100.000000000000000,null,0.004505897837663,0.000001145222172
Floodway,200.000000000000000,29.54162,0.000414309371498,0.000000001856565
Overland Flow,300.000000000000000,7275.57189,0.087496338405047,0.000158372614354
Flood Fringe,100.000000000000000,null,0.000592393931084,0.000000002661981
Flood Fringe,100.000000000000000,null,0.007233433317664,0.000001016643994
Floodway,200.000000000000000,null,0.542338308138815,0.000042805441341
Flood Fringe,100.000000000000000,null,0.003951320976052,0.000000547451728
Floodway,200.000000000000000,240.45541,0.002364794234501,0.000000276154354
Flood Fringe,100.000000000000000,null,0.002281848536656,0.000000207096854
Flood Fringe,100.000000000000000,10421.46844,0.118999140678885,0.000076536197016
Floodway,200.000000000000000,217.6061,0.002645692277540,0.000000170026162
Flood Fringe,100.000000000000000,428.65506,0.004435186510242,0.000000410620666
Flood Fringe,100.000000000000000,19737.18877,0.230884402145861,0.000210630678998
Flood Fringe,100.000000000000000,null,0.003671717920822,0.000000163204199
Flood Fringe,100.000000000000000,1603.45915,0.017347612918910,0.000006047593588
Flood Fringe,100.000000000000000,240.97419,0.002884344763853,0.000000087144305
Normal River Channel,500.000000000000000,148.13302,0.001410248317769,0.000000050507132
Flood Fringe,100.000000000000000,210.28491,0.002469182893526,0.000000372350628
Floodway,200.000000000000000,17.61538,0.000233554694369,0.000000001965903
Flood Fringe,100.000000000000000,null,0.002049597536207,0.000000040171408
Normal River Channel,500.000000000000000,398.5716,0.004388552540721,0.000000944198236
Floodway,200.000000000000000,49.57532,0.000566406132709,0.000000017232232
Floodway,200.000000000000000,571.20537,0.007174254997790,0.000000868745204
Floodway,200.000000000000000,150.27414,0.001899943762767,0.000000063364307
Floodway,200.000000000000000,28.48321,0.000378886939624,0.000000005783302
Flood Fringe,100.000000000000000,null,0.003527853038195,0.000000221616377
Floodway,200.000000000000000,1946.0788,0.020909662283705,0.000006139367958
Normal River Channel,500.000000000000000,43738.36977,0.514918946651761,0.000007853007474
Floodway,200.000000000000000,149.16583,0.002068025662891,0.000000077011454
Floodway,200.000000000000000,565.65384,0.007554519515576,0.000000454526195
Floodway,200.000000000000000,49.35977,0.000597872914523,0.000000015026581
Normal River Channel,500.000000000000000,87.51438,0.001045927316423,0.000000018103915
Normal River Channel,500.000000000000000,2719.30503,0.031398909378049,0.000017134550256
Flood Fringe,100.000000000000000,null,0.004311522568493,0.000000269299453
Flood Fringe,100.000000000000000,null,0.003842604804500,0.000000010831534
Flood Fringe,100.000000000000000,null,0.000739882204587,0.000000009474646
Floodway,200.000000000000000,67.09079,0.000017470257725,0.000000000006984
Flood Fringe,100.000000000000000,977.55172,0.006898623611724,0.000000859449517
Floodway,200.000000000000000,334.69259,0.003263575611593,0.000000247132840
Flood Fringe,100.000000000000000,null,0.003694839614234,0.000000359847247
Flood Fringe,100.000000000000000,null,0.002996668748206,0.000000183013606
Flood Fringe,100.000000000000000,null,0.004279657068846,0.000000402034977
Floodway,200.000000000000000,304.19329,0.003895543466379,0.000000177012715
Floodway,200.000000000000000,23.93596,0.000312124343606,0.000000000390996
Floodplain,400.000000000000000,6623.75936,0.079272170103752,0.000042964406063
Flood Fringe,100.000000000000000,null,0.007446781892323,0.000000537878437
Flood Fringe,100.000000000000000,null,0.001837792204945,0.000000114515219
Floodway,200.000000000000000,12.34668,0.000155764429875,0.000000000961576
Floodway,200.000000000000000,15.09188,0.000186414032080,0.000000001723029
Flood Fringe,100.000000000000000,260.80629,0.003595686722001,0.000000084750843
Normal River Channel,500.000000000000000,320.05636,0.003955564274929,0.000000255795347
Normal River Channel,500.000000000000000,77986.36511,0.320695441368079,0.000023130968451
Flood Fringe,100.000000000000000,null,0.003946564891676,0.000000051186668
Flood Fringe,100.000000000000000,null,0.003767060983916,0.000000151452303
Flood Fringe,100.000000000000000,909.17916,0.010214388982599,0.000000729992695
Floodway,200.000000000000000,48.78228,0.000592576024876,0.000000012487735
Flood Fringe,100.000000000000000,null,0.007072309274926,0.000000243666353
Floodway,200.000000000000000,1252.8552,0.013375217712193,0.000008019656193
Floodway,200.000000000000000,218.77859,0.002368320867901,0.000000268901413
Floodway,200.000000000000000,1003.05776,0.009577727461056,0.000000967229710
Floodway,200.000000000000000,23.01955,0.000259390298854,0.000000004649575
Flood Fringe,100.000000000000000,null,0.003909914908451,0.000000367956642
Floodway,200.000000000000000,24.20434,0.000274821613109,0.000000003598939
Normal River Channel,500.000000000000000,3272.38447,0.036693863919831,0.000021970700770
Floodway,200.000000000000000,1349.97207,0.017661594848399,0.000007141198321
Floodway,200.000000000000000,140.64594,0.001881745451027,0.000000088143802
Flood Fringe,100.000000000000000,2371.54022,0.028908231539785,0.000012182887134
Floodway,200.000000000000000,26.71611,0.000344736529917,0.000000004324506
Flood Fringe,100.000000000000000,1150.84276,0.012456627186236,0.000002832151404
Floodplain,400.000000000000000,152.14194,0.002091230513888,0.000000002803711
Floodway,200.000000000000000,2637.40705,0.029823359158198,0.000004740704369
Floodway,200.000000000000000,435.14462,0.005858388613084,0.000000548389986
Flood Fringe,100.000000000000000,null,0.003140911092286,0.000000193247305
Normal River Channel,500.000000000000000,573.44806,0.006626040982223,0.000000608277176
Floodway,200.000000000000000,600.11442,0.007640357176242,0.000001043898139
Flood Fringe,100.000000000000000,null,0.000908229945339,0.000000007088472
Flood Fringe,100.000000000000000,4433.21023,0.052482879420983,0.000025597089007
Floodway,200.000000000000000,122.00296,0.001447373727586,0.000000060251442
Flood Fringe,100.000000000000000,null,0.000191423003676,0.000000001666283
Flood Fringe,100.000000000000000,null,0.001210645745404,0.000000032458231
Normal River Channel,500.000000000000000,1488.85027,0.019861482197980,0.000005336924885
Floodway,200.000000000000000,133.69028,0.001700033288534,0.000000015054204
Flood Fringe,100.000000000000000,null,0.009243006019608,0.000000818954491
Floodway,200.000000000000000,54.49738,0.000718709078495,0.000000023213776
Flood Fringe,100.000000000000000,null,0.006038628803134,0.000000304670467
Flood Fringe,100.000000000000000,null,0.001473781011555,0.000000019319537
Normal River Channel,500.000000000000000,603.24458,0.007374800552529,0.000000378376874
Flood Fringe,100.000000000000000,null,0.002218199764468,0.000000041833541
Normal River Channel,500.000000000000000,144.49243,0.001713550576680,0.000000157041756
Floodway,200.000000000000000,252.42284,0.002712548809407,0.000000256264261
Flood Fringe,100.000000000000000,null,0.000416486308874,0.000000004072021
Floodway,200.000000000000000,1473.27876,0.020450570638085,0.000000630509594
Flood Fringe,100.000000000000000,null,0.002921434871891,0.000000174696020
Normal River Channel,500.000000000000000,9959.5137,0.000044707014023,0.000000000046288
Floodway,200.000000000000000,118.94874,0.001496828883102,0.000000046725171
Floodway,200.000000000000000,20.76735,0.000226707027043,0.000000002806577
Flood Fringe,100.000000000000000,7865.72628,0.097751245643063,0.000020972367841
Flood Fringe,100.000000000000000,3974.75819,0.047107518797703,0.000022285611027
Flood Fringe,100.000000000000000,null,0.010160611807887,0.000004398873278
Flood Fringe,100.000000000000000,null,0.000395637967954,0.000000008761166
Flood Fringe,100.000000000000000,null,0.001459132286942,0.000000056488448
Floodway,200.000000000000000,159.30153,0.001559689483276,0.000000074446553
Normal River Channel,500.000000000000000,803.34766,0.009358065455821,0.000002873672347
Flood Fringe,100.000000000000000,null,0.001685001034901,0.000000121015928
Floodway,200.000000000000000,570.93765,0.006736475335113,0.000001036420613
Floodway,200.000000000000000,16.8926,0.000219361145448,0.000000001372741
Floodway,200.000000000000000,323.56884,0.004160544478094,0.000000434511722
Flood Fringe,100.000000000000000,576.69921,0.007176223944247,0.000000558315337
Flood Fringe,100.000000000000000,null,0.013453488496221,0.000000753283597
Normal River Channel,500.000000000000000,29.13359,0.000397323414700,0.000000000460161
Flood Fringe,100.000000000000000,116.59152,0.001523271139736,0.000000083893951
Normal River Channel,500.000000000000000,71.95667,0.000871696910515,0.000000021518803
Flood Fringe,100.000000000000000,563.88986,0.007095604758891,0.000000099962445
Normal River Channel,500.000000000000000,2826.01356,0.032109775387209,0.000000043948205
Floodway,200.000000000000000,19.75185,0.000232441289409,0.000000002229877
Flood Fringe,100.000000000000000,null,0.001202902290627,0.000000011361910
Flood Fringe,100.000000000000000,null,0.001173880473839,0.000000031922789
Flood Fringe,100.000000000000000,null,0.003422756202271,0.000000067473536
Flood Fringe,100.000000000000000,null,0.003134531319911,0.000000300055206
Flood Fringe,100.000000000000000,null,0.037526051973567,0.000007323599422
Flood Fringe,100.000000000000000,null,0.002069828263570,0.000000150583018
Flood Fringe,100.000000000000000,220.60922,0.002960192354642,0.000000153053565
Floodway,200.000000000000000,105.17495,0.001377579218955,0.000000052899246
Flood Fringe,100.000000000000000,null,0.005856518099726,0.000000686897146
Flood Fringe,100.000000000000000,null,0.000598257502299,0.000000000417414
Floodway,200.000000000000000,59.02009,0.000839160620709,0.000000004512862
Flood Fringe,100.000000000000000,null,0.000484408211481,0.000000006718383
Flood Fringe,100.000000000000000,null,0.001834044151502,0.000000052599971
Flood Fringe,100.000000000000000,null,0.007428784717755,0.000000126388346
Flood Fringe,100.000000000000000,null,0.007462281184002,0.000000799554388
Flood Fringe,100.000000000000000,null,0.001214685148529,0.000000022598365
Normal River Channel,500.000000000000000,2923.2098,0.032146686768994,0.000026201439690
Flood Fringe,100.000000000000000,382.00461,0.003970926003347,0.000000881836969
Flood Fringe,100.000000000000000,null,0.011652063977292,0.000001041037174
Flood Fringe,100.000000000000000,null,0.012461737143108,0.000000921963475
Floodway,200.000000000000000,19.11325,0.000200205857385,0.000000002200358
Flood Fringe,100.000000000000000,33.49709,0.000417439741422,0.000000000737097
Overland Flow,300.000000000000000,4560.33741,0.052915997866333,0.000050156581548
Normal River Channel,500.000000000000000,20.59716,0.000279792918363,0.000000001915273
Floodway,200.000000000000000,1052.03736,0.013732757591745,0.000003049425820
Flood Fringe,100.000000000000000,null,0.001396319361321,0.000000037241195
Normal River Channel,500.000000000000000,5306.4077,0.000043182223526,0.000000000044240
Floodway,200.000000000000000,22.09345,0.000293459987597,0.000000002778615
Flood Fringe,100.000000000000000,null,0.010258081915335,0.000001595909960
Normal River Channel,500.000000000000000,683.41913,0.007458725426195,0.000002908510225
Flood Fringe,100.000000000000000,58.89402,0.000767941405161,0.000000001095824
Flood Fringe,100.000000000000000,null,0.002132457124755,0.000000152538615
Flood Fringe,100.000000000000000,null,0.024417869436211,0.000008931047406
Flood Fringe,100.000000000000000,null,0.001630024031415,0.000000166916666
Flood Fringe,100.000000000000000,null,0.001345044670589,0.000000035076816
Floodway,200.000000000000000,31.63995,0.000310572514378,0.000000003770114
Flood Fringe,100.000000000000000,529.47161,0.007291676302303,0.000000416737110
Flood Fringe,100.000000000000000,null,0.006968884608857,0.000001213397404
Flood Fringe,100.000000000000000,null,0.000746369017956,0.000000010740445
Floodplain,400.000000000000000,269.52884,0.003245692294616,0.000000118694975
Normal River Channel,500.000000000000000,116.24141,0.001290773285893,0.000000109857249
Normal River Channel,500.000000000000000,219538.17859,2.154671791427841,0.000744966619738
Flood Fringe,100.000000000000000,470.78857,0.006084200682680,0.000000926834720
Flood Fringe,100.000000000000000,7294.10923,0.089656317202606,0.000054226216467
Flood Fringe,100.000000000000000,null,0.003766016607726,0.000000264474167
Floodway,200.000000000000000,471.53682,0.005584206480052,0.000000336151221
Floodway,200.000000000000000,63.14584,0.000826313742411,0.000000015201223
Normal River Channel,500.000000000000000,814.22613,0.011201579198961,0.000000804028538
Normal River Channel,500.000000000000000,452.96804,0.005626412945333,0.000000882586547
Floodway,200.000000000000000,1707.00403,0.018411650767829,0.000013109165806
Flood Fringe,100.000000000000000,null,0.000845821058838,0.000000026883115
Floodway,200.000000000000000,5365.11405,0.003738439759917,0.000000411128878
Flood Fringe,100.000000000000000,444.12057,0.006195914469115,0.000000308798312
Floodway,200.000000000000000,98.47027,0.000944556302981,0.000000038430796
Flood Fringe,100.000000000000000,null,0.000297482123682,0.000000002566215
Flood Fringe,100.000000000000000,null,0.007454175361871,0.000001047441134
Floodway,200.000000000000000,17.72256,0.000212775530420,0.000000002866119
Floodway,200.000000000000000,7382.00977,0.086028561581474,0.000101296012363
Floodway,200.000000000000000,32.79086,0.000366779220529,0.000000008885349
Flood Fringe,100.000000000000000,null,0.001436776054135,0.000000053571835
Floodway,200.000000000000000,237.81985,0.000234296308218,0.000000000810943
Floodway,200.000000000000000,2369.12655,0.025879191599931,0.000006574119940
Flood Fringe,100.000000000000000,null,0.003962586623249,0.000000041157312
Flood Fringe,100.000000000000000,null,0.004856747961336,0.000000349518499
Floodway,200.000000000000000,50.65479,0.000591094819722,0.000000010693811
Flood Fringe,100.000000000000000,null,0.003336790375606,0.000000425439898
Floodway,200.000000000000000,1877.77936,0.008128504728543,0.000000883828875
Floodway,200.000000000000000,5163.91517,0.059557018638811,0.000052024137477
Flood Fringe,100.000000000000000,null,0.007911109843904,0.000000659384550
Flood Fringe,100.000000000000000,null,0.001552841505812,0.000000044199344
Floodway,200.000000000000000,57.1468,0.000591806157473,0.000000016368373
Floodway,200.000000000000000,126.07879,0.001661000809688,0.000000016976203
Flood Fringe,100.000000000000000,1782.04296,0.019703868202822,0.000023083687635
Floodway,200.000000000000000,177.2462,0.002414979009826,0.000000072401679
Floodway,200.000000000000000,1847.05464,0.025493608252681,0.000003811130834
Flood Fringe,100.000000000000000,null,0.010080756936062,0.000002716983903
Flood Fringe,100.000000000000000,null,0.000491171367145,0.000000004107042
Flood Fringe,100.000000000000000,null,0.000237670635321,0.000000001083917
Flood Fringe,100.000000000000000,null,0.006600979215525,0.000000579856129
Flood Fringe,100.000000000000000,null,0.001102962155153,0.000000047746560
Flood Fringe,100.000000000000000,33.60345,0.000411073254367,0.000000001946380
Flood Fringe,100.000000000000000,null,0.005421636428715,0.000000854301739
Normal River Channel,500.000000000000000,35.67761,0.000498858663246,0.000000000564947
Flood Fringe,100.000000000000000,null,0.001761859074230,0.000000078598925
Floodway,200.000000000000000,333.93091,0.004336279950562,0.000000032639909
Flood Fringe,100.000000000000000,2056.46901,0.025467513038096,0.000011678454587
Floodway,200.000000000000000,2653.36694,0.030530798932432,0.000010207208856
Flood Fringe,100.000000000000000,453.32171,0.006264101401828,0.000000331829342
Flood Fringe,100.000000000000000,1587.05401,0.021511082386705,0.000002470481951
Flood Fringe,100.000000000000000,null,0.002363279669410,0.000000120714926
Floodway,200.000000000000000,2881.02249,0.038043784755553,0.000005559153902
Flood Fringe,100.000000000000000,null,0.003333170560745,0.000000133362837
Flood Fringe,100.000000000000000,null,0.000447669856629,0.000000000943823
Normal River Channel,500.000000000000000,330.74124,0.003874384059968,0.000000715240782
Flood Fringe,100.000000000000000,null,0.005566866367155,0.000000079062726
Floodway,200.000000000000000,223.41625,0.002715676708448,0.000000238904829
Flood Fringe,100.000000000000000,50.65479,0.000591094819722,0.000000010693811
Normal River Channel,500.000000000000000,64.0954,0.000653738654672,0.000000008848764
Floodway,200.000000000000000,493.26399,0.006798382543348,0.000000793773851
Normal River Channel,500.000000000000000,182.9655,0.001819879743163,0.000000002922532
Floodway,200.000000000000000,146.82762,0.001995754670546,0.000000072269267
Flood Fringe,100.000000000000000,null,0.001290030444738,0.000000043498137
Normal River Channel,500.000000000000000,554.05832,0.006226884428245,0.000000008866248
Flood Fringe,100.000000000000000,null,0.010130943418411,0.000002231800565
Flood Fringe,100.000000000000000,null,0.003693490902646,0.000000517589985
Floodway,200.000000000000000,161.85821,0.001805665784323,0.000000200289211
Normal River Channel,500.000000000000000,18.29418,0.000238217053346,0.000000002164333
Floodway,200.000000000000000,41.90535,0.000498048851029,0.000000009149023
Flood Fringe,100.000000000000000,null,0.001599933212309,0.000000022330557
Flood Fringe,100.000000000000000,null,0.006746054711869,0.000000430586214
Floodway,200.000000000000000,139.30927,0.001897069447529,0.000000078697705
Flood Fringe,100.000000000000000,null,0.000481630913926,0.000000007951864
Floodway,200.000000000000000,53.71952,0.000649953087179,0.000000009262550
Flood Fringe,100.000000000000000,1071.02102,0.012440341712560,0.000003279215512
Floodway,200.000000000000000,100.48828,0.001224988124239,0.000000066328518
Floodway,200.000000000000000,25.68083,0.000337225599041,0.000000004451030
Flood Fringe,100.000000000000000,385.30568,0.004213872427854,0.000001088749889
Floodway,200.000000000000000,2711.6794,0.037493946501435,0.000001691344513
Flood Fringe,100.000000000000000,1917.41004,0.024360767190120,0.000003595374392
Flood Fringe,100.000000000000000,10.78674,0.000116104117739,0.000000000808496
Flood Fringe,100.000000000000000,52.0168,0.000740018211577,0.000000000529911
Flood Fringe,100.000000000000000,null,0.000550259747465,0.000000013276593
Flood Fringe,100.000000000000000,3073.67236,0.032541180752309,0.000006030982053
Flood Fringe,100.000000000000000,null,0.000608845701995,0.000000015516270
Flood Fringe,100.000000000000000,null,0.004580638643361,0.000000597588744
Floodway,200.000000000000000,530.84828,0.007356618865128,0.000000429291573
Floodway,200.000000000000000,47008.08898,0.502221665167439,0.000240677514997
Floodway,200.000000000000000,20.63413,0.000232485417742,0.000000002838930
Flood Fringe,100.000000000000000,null,0.000611626704967,0.000000020084156
Floodway,200.000000000000000,99.7451,0.001262786015983,0.000000065826466
Flood Fringe,100.000000000000000,886.92647,0.011403691351467,0.000001354649562
Flood Fringe,100.000000000000000,710.21128,0.008331686010786,0.000003380151899
Normal River Channel,500.000000000000000,45.94007,0.000631381046060,0.000000005664259
Floodway,200.000000000000000,85.2624,0.000913348525981,0.000000030309920
Flood Fringe,100.000000000000000,null,0.000830896570653,0.000000017704837
Flood Fringe,100.000000000000000,23.09117,0.000263900637746,0.000000000437907
Floodway,200.000000000000000,65.35,0.000879806445413,0.000000019356670
Floodway,200.000000000000000,22.61759,0.000317372676217,0.000000000774579
Flood Fringe,100.000000000000000,null,0.010786269393638,0.000001813435999
Normal River Channel,500.000000000000000,17153.87398,0.023725164955227,0.000000032738479
Floodway,200.000000000000000,152.11382,0.001888277100921,0.000000059853235
Flood Fringe,100.000000000000000,null,0.012076882931703,0.000003005537213
Flood Fringe,100.000000000000000,79.98604,0.000870764342305,0.000000019398918
Flood Fringe,100.000000000000000,null,0.000285785908167,0.000000002912977
Floodway,200.000000000000000,34264.56094,0.410880891911251,0.000052559001721
Floodway,200.000000000000000,1385.71755,0.017612854853514,0.000002900149035
Floodway,200.000000000000000,123.67744,0.001332550784724,0.000000066327571
Flood Fringe,100.000000000000000,null,0.110066063211632,0.000010903665254
Flood Fringe,100.000000000000000,null,0.005418441355196,0.000000932050496
Floodway,200.000000000000000,40.24762,0.000556306027292,0.000000006900886
Flood Fringe,100.000000000000000,null,0.000194682470006,0.000000001851575
Floodway,200.000000000000000,37.15694,0.000522139050183,0.000000002473231
Flood Fringe,100.000000000000000,null,0.001726525803829,0.000000119314908
Flood Fringe,100.000000000000000,null,0.000296422903185,0.000000001097768
Normal River Channel,500.000000000000000,652.091,0.008739224856790,0.000002515989940
Floodway,200.000000000000000,30.05814,0.000342194497335,0.000000001925132
Floodway,200.000000000000000,1016.1365,0.011503440619498,0.000002262014118
Floodway,200.000000000000000,280.85667,0.003789650475388,0.000000065810538
Floodway,200.000000000000000,6257.27417,0.083484163042664,0.000019346428030
Flood Fringe,100.000000000000000,23.80803,0.000269944133983,0.000000003558764
Normal River Channel,500.000000000000000,758.64424,0.009926641883789,0.000000615352755
Floodway,200.000000000000000,1245.6079,0.015882542168650,0.000001151063092
Flood Fringe,100.000000000000000,98.37613,0.001135214636699,0.000000065241545
Floodway,200.000000000000000,15.2274,0.000198907299155,0.000000001350103
Flood Fringe,100.000000000000000,null,0.003962758597660,0.000000111369952
Flood Fringe,100.000000000000000,null,0.013171040845830,0.000001056657648
Flood Fringe,100.000000000000000,null,0.002245383350520,0.000000179690170
Flood Fringe,100.000000000000000,null,0.000436938259988,0.000000007431139
Flood Fringe,100.000000000000000,null,0.005670981324791,0.000000490946160
Flood Fringe,100.000000000000000,null,0.011427846107422,0.000000979593466
Flood Fringe,100.000000000000000,null,0.008377313604995,0.000001978685173
Normal River Channel,500.000000000000000,19468.71546,0.062384613711281,0.000002234844885
Floodway,200.000000000000000,2203.98299,0.026419465442828,0.000012046199211
Floodway,200.000000000000000,103.12881,0.001332217578115,0.000000043156735
Floodway,200.000000000000000,38.72225,0.000510876847757,0.000000005760536
Flood Fringe,100.000000000000000,null,0.000189081972981,0.000000000883289
Floodway,200.000000000000000,4169.65455,0.001847403887550,0.000000017958722
Floodway,200.000000000000000,156.92345,0.002155520538495,0.000000109964648
Flood Fringe,100.000000000000000,null,0.004328567360894,0.000000402367774
Floodway,200.000000000000000,1515.38219,0.018965061839064,0.000001570146703
Flood Fringe,100.000000000000000,null,0.013423425553602,0.000003332089279
Flood Fringe,100.000000000000000,null,0.009203470854915,0.000001027711479
Normal River Channel,500.000000000000000,1453.73768,0.016477888332551,0.000011113712168
Flood Fringe,100.000000000000000,1988.51626,0.020571286467813,0.000005322509818
Flood Fringe,100.000000000000000,null,0.002999494376047,0.000000398957356
Floodway,200.000000000000000,665.14915,0.008108937739029,0.000000964771306
Normal River Channel,500.000000000000000,3292.10808,0.039947127231441,0.000025680816553
Normal River Channel,500.000000000000000,1024.51296,0.011538052461330,0.000005716933597
Flood Fringe,100.000000000000000,429.16117,0.004692397109039,0.000001421019583
Floodway,200.000000000000000,20.29717,0.000233686897494,0.000000002732775
Floodway,200.000000000000000,125.55105,0.001637592047475,0.000000107467406
Normal River Channel,500.000000000000000,42.9696,0.000415765832201,0.000000007991710
Flood Fringe,100.000000000000000,null,0.003259903285832,0.000000270400807
Floodway,200.000000000000000,100.17254,0.001013946402385,0.000000038035317
Flood Fringe,100.000000000000000,null,0.001763401738130,0.000000023666887
Flood Fringe,100.000000000000000,529.7803,0.006826292288591,0.000000698076242
Flood Fringe,100.000000000000000,null,0.003212228445503,0.000000105930088
Normal River Channel,500.000000000000000,256.97277,0.003047489544763,0.000000099326887
Floodway,200.000000000000000,71.77359,0.000877133844726,0.000000041953949
Flood Fringe,100.000000000000000,null,0.000506494916848,0.000000011094505
Normal River Channel,500.000000000000000,56.16859,0.000737550969294,0.000000013535060
Flood Fringe,100.000000000000000,null,0.000632323778488,0.000000010743185
Normal River Channel,500.000000000000000,854.22484,0.010407065991148,0.000002294162387
Flood Fringe,100.000000000000000,null,0.000144786055028,0.000000000780536
Flood Fringe,100.000000000000000,null,0.002302644617702,0.000000074089851
Floodway,200.000000000000000,19022.22947,0.175440131602249,0.000075402309074
Floodway,200.000000000000000,321.85672,0.004181707568310,0.000000200257057
Normal River Channel,500.000000000000000,1417.61749,0.012596276807430,0.000000939159842
Normal River Channel,500.000000000000000,309.01738,0.003645673237087,0.000000571938063
Flood Fringe,100.000000000000000,1983.14406,0.026886389963889,0.000001897267269
Flood Fringe,100.000000000000000,null,0.006959857229129,0.000000265645728
Flood Fringe,100.000000000000000,null,0.012134973658568,0.000001958712143
Flood Fringe,100.000000000000000,null,0.000660180168543,0.000000013353732
Normal River Channel,500.000000000000000,34.81853,0.000399423434019,0.000000006977506
Floodway,200.000000000000000,1587.47398,0.017194967624793,0.000003906083401
Floodway,200.000000000000000,1098.82619,0.013514689427024,0.000001756705017
Flood Fringe,100.000000000000000,null,0.012937837895425,0.000005341284779
Flood Fringe,100.000000000000000,null,0.007617436829995,0.000000757042504
Floodway,200.000000000000000,217.24445,0.002443059029513,0.000000220228007
Normal River Channel,500.000000000000000,2318.15297,0.026980389840808,0.000000807675351
Normal River Channel,500.000000000000000,51.85649,0.000601240150011,0.000000015553544
Normal River Channel,500.000000000000000,134.23456,0.001561858909254,0.000000063370997
Normal River Channel,500.000000000000000,505.59245,0.005445797804731,0.000001257881790
Floodway,200.000000000000000,257.34711,0.003069806520259,0.000000357548524
Flood Fringe,100.000000000000000,null,0.000756027808182,0.000000014451937
Normal River Channel,500.000000000000000,275.92535,0.003152820983120,0.000000590599538
Floodway,200.000000000000000,615.79426,0.008310288369418,0.000000447810007
Flood Fringe,100.000000000000000,null,0.000104056220626,0.000000000515377
Floodway,200.000000000000000,60.58974,0.000651422912312,0.000000004349946
Flood Fringe,100.000000000000000,null,0.009165032702291,0.000001541495656
Flood Fringe,100.000000000000000,7860.10801,0.092869657772093,0.000048108730495
Flood Fringe,100.000000000000000,null,0.009222255127884,0.000001974801098
Flood Fringe,100.000000000000000,null,0.001966471795905,0.000000157981800
Flood Fringe,100.000000000000000,null,0.000544952047248,0.000000008465603
Floodway,200.000000000000000,85.70396,0.000969590831653,0.000000055408144
Normal River Channel,500.000000000000000,875.29297,0.009977499960633,0.000002302527229
Floodway,200.000000000000000,155.34219,0.001658323367325,0.000000043913296
Floodway,200.000000000000000,456.95788,0.004911230321745,0.000000625837452
Normal River Channel,500.000000000000000,551.44244,0.006025821854733,0.000002538092687
Normal River Channel,500.000000000000000,423.87622,0.005120944627043,0.000000006782078
Flood Fringe,100.000000000000000,null,0.012362299124853,0.000001372690909
Flood Fringe,100.000000000000000,null,0.004062469763478,0.000000519301580
Floodway,200.000000000000000,null,1.117845121742054,0.000116819978820
Flood Fringe,100.000000000000000,null,0.002673141231869,0.000000324164950
Normal River Channel,500.000000000000000,3358.73643,0.043148328718512,0.000007065013785
Flood Fringe,100.000000000000000,9425.27013,0.104517564111819,0.000071195008450
Flood Fringe,100.000000000000000,184.10642,0.002378843943864,0.000000005504228
Flood Fringe,100.000000000000000,5183.69194,0.060703705822819,0.000019355716669
Flood Fringe,100.000000000000000,118.66981,0.001504032200744,0.000000001425958
Flood Fringe,100.000000000000000,1525.59306,0.020132316849645,0.000002429287664
Floodway,200.000000000000000,25.48691,0.000334911455799,0.000000004130304
Flood Fringe,100.000000000000000,2622.74767,0.030786255327751,0.000021968129973
Floodplain,400.000000000000000,825.14054,0.009898216280380,0.000001951256959
Flood Fringe,100.000000000000000,452.93597,0.004979783777273,0.000001606162802
Floodway,200.000000000000000,102.98013,0.001277112643396,0.000000053248113
Flood Fringe,100.000000000000000,null,0.006185278330859,0.000001041623505
Floodway,200.000000000000000,292.25729,0.003154568477268,0.000000259307309
Flood Fringe,100.000000000000000,null,0.011072717812018,0.000001329169783
Normal River Channel,500.000000000000000,215.68311,0.002131948697632,0.000000044846405
Flood Fringe,100.000000000000000,null,0.001922891230137,0.000000081917678
Flood Fringe,100.000000000000000,260.74384,0.002772281575095,0.000000000534283
Floodway,200.000000000000000,549.36295,0.006019062049879,0.000001966654798
Floodway,200.000000000000000,427.94289,0.006051489294695,0.000000122262726
Normal River Channel,500.000000000000000,331.53722,0.003504783272353,0.000000239569133
Floodway,200.000000000000000,2718.01802,0.034807819530966,0.000019865172487
Floodway,200.000000000000000,23.50481,0.000312727419007,0.000000003374016
Flood Fringe,100.000000000000000,null,0.017431175623950,0.000001475924446
Flood Fringe,100.000000000000000,null,0.004043505374368,0.000000461277751
Floodway,200.000000000000000,134.90755,0.001414207782219,0.000000080541274
Normal River Channel,500.000000000000000,210.65403,0.001435621418205,0.000000028730232
Normal River Channel,500.000000000000000,258.69052,0.002792452135659,0.000000102394578
Flood Fringe,100.000000000000000,3093.50111,0.042624793456026,0.000005722071010
Flood Fringe,100.000000000000000,329.42057,0.004244754645889,0.000000078555442
Normal River Channel,500.000000000000000,764.28548,0.009500317526021,0.000003814678524
Flood Fringe,100.000000000000000,null,0.001752362024263,0.000000022638670
Flood Fringe,100.000000000000000,null,0.000128555832346,0.000000000588144
Normal River Channel,500.000000000000000,71.30706,0.000567441582808,0.000000008111152
Floodway,200.000000000000000,103.03227,0.001190836928615,0.000000073416866
Flood Fringe,100.000000000000000,16247.11606,0.191859140615685,0.000189049317455
Flood Fringe,100.000000000000000,null,0.002557854886569,0.000000117639699
Floodway,200.000000000000000,47.93937,0.000528846118525,0.000000008977155
Floodway,200.000000000000000,135.3902,0.001751386794770,0.000000079447639
Flood Fringe,100.000000000000000,null,0.000570473876957,0.000000014022931
Floodway,200.000000000000000,28.07386,0.000318308396984,0.000000004889470
Flood Fringe,100.000000000000000,null,0.001816226482035,0.000000071444059
Floodway,200.000000000000000,118.71089,0.001522334650742,0.000000083947708
Flood Fringe,100.000000000000000,null,0.001439278679861,0.000000054053825
Floodway,200.000000000000000,21.90378,0.000239103131792,0.000000003805761
Flood Fringe,100.000000000000000,345.82763,0.004925655258973,0.000000012989565
Flood Fringe,100.000000000000000,null,0.002096041160246,0.000000154576545
Floodway,200.000000000000000,64.31745,0.000691463633110,0.000000033690300
Flood Fringe,100.000000000000000,null,0.002260389229321,0.000000084604997
Floodway,200.000000000000000,644.8954,0.008454907358415,0.000001181609704
Floodway,200.000000000000000,180.82132,0.002387564628061,0.000000067397769
Normal River Channel,500.000000000000000,39.82658,0.000414372839831,0.000000000631260
Floodway,200.000000000000000,83.74416,0.001008444714433,0.000000051959348
Flood Fringe,100.000000000000000,383.46648,0.004904221160461,0.000000312847174
Flood Fringe,100.000000000000000,null,0.003369032348481,0.000000193840551
Flood Fringe,100.000000000000000,708.36575,0.007674284604047,0.000001504238750
Flood Fringe,100.000000000000000,1272.7064,0.016772150962562,0.000001847466609
Flood Fringe,100.000000000000000,null,0.004671135232388,0.000000333445326
Floodway,200.000000000000000,33694.79131,0.421865477473000,0.000055841968732
Floodway,200.000000000000000,467.35293,0.004904305749179,0.000000648389354
Flood Fringe,100.000000000000000,null,0.003605974080588,0.000000683800519
Flood Fringe,100.000000000000000,null,0.002091984944085,0.000000090243013
Normal River Channel,500.000000000000000,1854.74995,0.021623502086756,0.000016025262199
Flood Fringe,100.000000000000000,null,0.001725823826093,0.000000016180159
Floodway,200.000000000000000,641.41326,0.008307699626136,0.000001358647212
Flood Fringe,100.000000000000000,null,0.003903227681462,0.000000433873861
Floodway,200.000000000000000,85.82734,0.000969665451504,0.000000049724736
Normal River Channel,500.000000000000000,243.70271,0.003082655572274,0.000000408628664
Floodway,200.000000000000000,43.51441,0.000508561554323,0.000000009234064
Flood Fringe,100.000000000000000,445.84855,0.005653958052183,0.000000414045622
Flood Fringe,100.000000000000000,null,0.016467062708531,0.000002885091634
Normal River Channel,500.000000000000000,257.03515,0.003108710420099,0.000000004109769
Flood Fringe,100.000000000000000,93.58918,0.001059808403119,0.000000026733461
Flood Fringe,100.000000000000000,605.18167,0.008479696140844,0.000000497145977
Flood Fringe,100.000000000000000,2976.12682,0.035344705799257,0.000005274353602
Floodway,200.000000000000000,263.57084,0.002662790110047,0.000000219084754
Flood Fringe,100.000000000000000,3730.89187,0.047787857192356,0.000023857691970
Flood Fringe,100.000000000000000,null,0.003232992573000,0.000000195958258
Normal River Channel,500.000000000000000,258.77232,0.002691045869338,0.000000305260856
Floodway,200.000000000000000,45.86278,0.000454521698797,0.000000009185432
Floodway,200.000000000000000,2139.94718,0.025675694843534,0.000017592103903
Floodway,200.000000000000000,146.73875,0.001756966162239,0.000000058518288
Flood Fringe,100.000000000000000,null,0.002031991065684,0.000000119715309
Flood Fringe,100.000000000000000,745.19755,0.007784709098362,0.000001753162902
Floodway,200.000000000000000,115.40909,0.001216759796029,0.000000059350115
Normal River Channel,500.000000000000000,1075.87124,0.011863071714655,0.000005811014129
Floodway,200.000000000000000,246.95794,0.003325876418091,0.000000183172657
Normal River Channel,500.000000000000000,1709.76738,0.020200163179545,0.000013957531971
Floodway,200.000000000000000,34.62189,0.000388472387165,0.000000005953674
Flood Fringe,100.000000000000000,252.39567,0.002447106011554,0.000000113447188
Flood Fringe,100.000000000000000,null,0.002321968856618,0.000000268963934
Floodway,200.000000000000000,312.87284,0.003302538361830,0.000000457420907
Overland Flow,300.000000000000000,3180.10379,0.036416278892783,0.000013343871640
Flood Fringe,100.000000000000000,null,0.002421737874762,0.000000238457593
Flood Fringe,100.000000000000000,null,0.002041920067864,0.000000047639982
Floodway,200.000000000000000,33147.84841,0.033176120506207,0.000018431189079
Flood Fringe,100.000000000000000,727.73994,0.009911707243817,0.000001767928125
Floodway,200.000000000000000,279.13452,0.002856785323353,0.000000475522092
Floodway,200.000000000000000,30.04414,0.000349674290123,0.000000006881871
Flood Fringe,100.000000000000000,6663.68458,0.082013954807756,0.000070387587444
Flood Fringe,100.000000000000000,null,0.000988085385421,0.000000040703898
Floodway,200.000000000000000,344.60653,0.004656314499097,0.000000258831620
Floodway,200.000000000000000,120.42241,0.001637674161833,0.000000038434593
Floodway,200.000000000000000,10.98911,0.000139104209788,0.000000001006672
Floodway,200.000000000000000,26.75454,0.000282077291983,0.000000003704107
Flood Fringe,100.000000000000000,1887.03179,0.022821124197074,0.000003463126288
Floodway,200.000000000000000,113.20114,0.001276543941519,0.000000024647455
Flood Fringe,100.000000000000000,null,0.006121796016921,0.000000623387934
Normal River Channel,500.000000000000000,1517.63448,0.017413782229760,0.000004083267301
Flood Fringe,100.000000000000000,593.34305,0.006365429109829,0.000001022869763
Flood Fringe,100.000000000000000,null,0.002516390611290,0.000000092842099
Flood Fringe,100.000000000000000,498.81937,0.005589084994613,0.000000524249875
Flood Fringe,100.000000000000000,10273.8828,0.110647694662476,0.000064606788730
Flood Fringe,100.000000000000000,445.18599,0.004624618991690,0.000000525650625
Normal River Channel,500.000000000000000,268.94101,0.002837929036376,0.000000105589252
Normal River Channel,500.000000000000000,508.62091,0.006546256601362,0.000001455440108
Floodway,200.000000000000000,9348.90353,0.100164150254546,0.000037749997136
Flood Fringe,100.000000000000000,null,0.001019797943247,0.000000025468272
Flood Fringe,100.000000000000000,53.98107,0.000719064810483,0.000000000587356
Flood Fringe,100.000000000000000,null,0.003550101922814,0.000000231921284
Floodway,200.000000000000000,32.44772,0.000405496220731,0.000000007432202
Floodway,200.000000000000000,65.50711,0.000833664110700,0.000000026813389
Flood Fringe,100.000000000000000,null,0.005154719561198,0.000000488539090
Flood Fringe,100.000000000000000,null,0.004129163294501,0.000000848096989
Floodplain,400.000000000000000,20.26174,0.000279047172881,0.000000000461029
Flood Fringe,100.000000000000000,null,0.004464807716706,0.000000182194203
Flood Fringe,100.000000000000000,828.53295,0.009123581062068,0.000004201667434
Floodway,200.000000000000000,1438.80626,0.018474971334203,0.000001456972179
Floodway,200.000000000000000,24.70976,0.000289859560698,0.000000004512762
Flood Fringe,100.000000000000000,11779.07837,0.130954229324980,0.000079547206320
Floodway,200.000000000000000,341.805,0.004250209940806,0.000000689970722
Flood Fringe,100.000000000000000,null,0.001248174363109,0.000000019831602
Floodway,200.000000000000000,143.25951,0.001740852626094,0.000000059206372
Flood Fringe,100.000000000000000,null,0.005980258349049,0.000001564704428
Flood Fringe,100.000000000000000,null,0.000287572263275,0.000000001810137
Flood Fringe,100.000000000000000,null,0.011804600240240,0.000000842500791
Floodway,200.000000000000000,1002.43572,0.011708503050823,0.000005069576690
Floodway,200.000000000000000,167.68571,0.002142141777555,0.000000109182778
Normal River Channel,500.000000000000000,40826.87512,0.482209383268786,0.000027779573682
Floodway,200.000000000000000,3354.8489,0.045745624617172,0.000002607668495
Flood Fringe,100.000000000000000,18.30153,0.000255093108054,0.000000000428940
Flood Fringe,100.000000000000000,null,0.006357751474176,0.000001674870392
Floodway,200.000000000000000,22.84711,0.000292879236350,0.000000000812428
Normal River Channel,500.000000000000000,303.70201,0.003539548903849,0.000000568551347
Floodway,200.000000000000000,548.47584,0.003450918921846,0.000000256852432
Normal River Channel,500.000000000000000,105.84277,0.001274787302444,0.000000016681455
Flood Fringe,100.000000000000000,null,0.000727923265863,0.000000023497611
Normal River Channel,500.000000000000000,1200.39435,0.015432825977407,0.000002478487962
Floodway,200.000000000000000,113.95709,0.001530802183328,0.000000042780518
Normal River Channel,500.000000000000000,1720.98253,0.019672007466419,0.000010258992495
Normal River Channel,500.000000000000000,976.39493,0.011233695589806,0.000005366972394
Floodway,200.000000000000000,335.30947,0.004329769506598,0.000000632327750
Flood Fringe,100.000000000000000,439.53108,0.004837792141722,0.000001492931928
Floodway,200.000000000000000,341.25482,0.004518856689405,0.000000523122388
Flood Fringe,100.000000000000000,null,0.003757498853089,0.000000229274902
Floodway,200.000000000000000,24.46186,0.000259146673980,0.000000003300519
Flood Fringe,100.000000000000000,142.43069,0.001558445300847,0.000000041391270
Normal River Channel,500.000000000000000,31.16762,0.000429122403460,0.000000000492816
Floodway,200.000000000000000,13.57032,0.000153917388923,0.000000001038406
Flood Fringe,100.000000000000000,1605.59633,0.022323065442224,0.000005472897433
Flood Fringe,100.000000000000000,1036.77551,0.013236883411531,0.000004358032693
Flood Fringe,100.000000000000000,null,0.006737264282091,0.000000943292557
Flood Fringe,100.000000000000000,null,0.001069937388517,0.000000055324735
Flood Fringe,100.000000000000000,null,0.003128059610009,0.000000201692449
Normal River Channel,500.000000000000000,31.22509,0.000410484051891,0.000000000493426
Floodway,200.000000000000000,452.25986,0.005527462735562,0.000001063804245
Flood Fringe,100.000000000000000,null,0.000202815929402,0.000000001639884
Floodway,200.000000000000000,1601.85551,0.017368519523404,0.000011195719379
Floodway,200.000000000000000,null,0.374782789429470,0.000045281458559
Flood Fringe,100.000000000000000,null,0.003505808164458,0.000000301406747
Flood Fringe,100.000000000000000,1796.03588,0.022381278809673,0.000004143410310
Flood Fringe,100.000000000000000,25.2351,0.000336569862047,0.000000000744385
Floodway,200.000000000000000,40.30633,0.000435644442488,0.000000008081317
Flood Fringe,100.000000000000000,null,0.003253836318809,0.000000107289758
Floodway,200.000000000000000,345.27689,0.004111238857704,0.000000319592542
Flood Fringe,100.000000000000000,1167.17724,0.014139522342805,0.000007723476710
Normal River Channel,500.000000000000000,3056.14981,0.030120270732510,0.000000043643322
Flood Fringe,100.000000000000000,450.74183,0.004948977740638,0.000001615253700
Normal River Channel,500.000000000000000,1053.15115,0.012281765328541,0.000004495211436
Normal River Channel,500.000000000000000,927.17954,0.010359433494820,0.000001875000514
Flood Fringe,100.000000000000000,4763.59176,0.057483756349569,0.000042220526369
Normal River Channel,500.000000000000000,783.45338,0.009612480332820,0.000001620339605
Floodway,200.000000000000000,14.72377,0.000168035384873,0.000000001747544
Normal River Channel,500.000000000000000,25219.1519,0.301758973407020,0.000049597616897
Floodway,200.000000000000000,89.12921,0.001018151638302,0.000000012380461
Flood Fringe,100.000000000000000,null,0.002634028963476,0.000000029812134
Flood Fringe,100.000000000000000,null,0.000351877379220,0.000000007668601
Normal River Channel,500.000000000000000,190.16333,0.002278935381409,0.000000318036458
Floodway,200.000000000000000,129.17246,0.001655714231708,0.000000086368843
Flood Fringe,100.000000000000000,null,0.002913389961767,0.000000228877996
Floodway,200.000000000000000,45.53827,0.000646901873380,0.000000002895085
Flood Fringe,100.000000000000000,null,0.002713902197147,0.000000241018622
Floodway,200.000000000000000,68.96848,0.000898076516720,0.000000028545517
Normal River Channel,500.000000000000000,40.11967,0.000467112666763,0.000000006851722
Normal River Channel,500.000000000000000,56.08257,0.000688655362261,0.000000014309474
Normal River Channel,500.000000000000000,782.13629,0.009493054864373,0.000003055010200
Normal River Channel,500.000000000000000,405.29553,0.004991489449967,0.000001034771286
Floodway,200.000000000000000,146.19341,0.001726570565429,0.000000110255700
Floodway,200.000000000000000,59.85142,0.000696290073636,0.000000012753299
Flood Fringe,100.000000000000000,null,0.001314647967754,0.000000006228150
Floodway,200.000000000000000,37433.2722,0.476516982401090,0.000048075398397
Flood Fringe,100.000000000000000,13.60515,0.000130297464610,0.000000000752068
Flood Fringe,100.000000000000000,null,0.003371629305686,0.000000228327385
Flood Fringe,100.000000000000000,null,0.008602331940052,0.000000566692018
Flood Fringe,100.000000000000000,3497.41916,0.045088087866273,0.000009479279739
Floodway,200.000000000000000,532.42505,0.007187616566249,0.000000881927501
Floodway,200.000000000000000,74.79834,0.001007519263884,0.000000019327215
Flood Fringe,100.000000000000000,null,0.000083433038910,0.000000000001163
Floodway,200.000000000000000,32.43045,0.000391286433801,0.000000004732283
Normal River Channel,500.000000000000000,187.35659,0.002251079630700,0.000000061524518
Flood Fringe,100.000000000000000,6196.32764,0.068995092906780,0.000044239212887
Floodway,200.000000000000000,1504.08865,0.019848796689481,0.000006483829325
Floodway,200.000000000000000,25.34825,0.000287595395774,0.000000003396819
Floodway,200.000000000000000,50.86404,0.000511564481283,0.000000014572622
Flood Fringe,100.000000000000000,null,0.002849077903356,0.000000127023812
Normal River Channel,500.000000000000000,433.08233,0.005087621216104,0.000001004717557
Flood Fringe,100.000000000000000,null,0.001417922084051,0.000000034370632
Flood Fringe,100.000000000000000,null,0.001804731975753,0.000000060796388
Flood Fringe,100.000000000000000,null,0.001028186568950,0.000000022351457
Flood Fringe,100.000000000000000,3957.71342,0.049074369684960,0.000011661512742
Normal River Channel,500.000000000000000,801.47768,0.009067994423648,0.000004409453419
Floodway,200.000000000000000,179.90821,0.002135293331916,0.000000205784393
Flood Fringe,100.000000000000000,null,0.003439842708077,0.000000160206505
Floodway,200.000000000000000,38.6206,0.000421512295328,0.000000003194093
Flood Fringe,100.000000000000000,101.07809,0.001334126116026,0.000000000807285
Floodway,200.000000000000000,596.00833,0.008128259060623,0.000001437297560
Flood Fringe,100.000000000000000,null,0.001016219541240,0.000000019140906
Flood Fringe,100.000000000000000,null,0.003374115779748,0.000000358524771
Flood Fringe,100.000000000000000,381.09297,0.004844696446584,0.000000995217477
Normal River Channel,500.000000000000000,39071.89811,0.340174440950459,0.000007061975370
Floodway,200.000000000000000,31.97873,0.000435405062654,0.000000005271750
Flood Fringe,100.000000000000000,385.52437,0.004257439253967,0.000000330253803
Floodway,200.000000000000000,42.82644,0.000428000356603,0.000000011490411
Flood Fringe,100.000000000000000,null,0.002261424788791,0.000000146445668
Flood Fringe,100.000000000000000,3183.80714,0.038234486984012,0.000024235703894
Flood Fringe,100.000000000000000,null,0.000549573955110,0.000000004892822
Flood Fringe,100.000000000000000,1760.83892,0.019729197071119,0.000002757453449
Floodway,200.000000000000000,42.971,0.000466482156405,0.000000011698134
Floodway,200.000000000000000,20.57731,0.000216621626184,0.000000003395967
Flood Fringe,100.000000000000000,null,0.005483749941424,0.000000600184708
Normal River Channel,500.000000000000000,2429.26405,0.026800051749076,0.000024034531546
Floodway,200.000000000000000,5053.42549,0.067411704650036,0.000029377974421
Normal River Channel,500.000000000000000,35.05,0.000349041574890,0.000000000554896
Flood Fringe,100.000000000000000,null,0.002490065543898,0.000000309493891
Floodway,200.000000000000000,8151.89822,0.087317832663513,0.000048143587961
Flood Fringe,100.000000000000000,11841.24762,0.139587766720475,0.000155558746557
Normal River Channel,500.000000000000000,1018.28524,0.012890121498775,0.000005083677306
Floodway,200.000000000000000,57.5913,0.000750163485594,0.000000021992579
Floodway,200.000000000000000,46.47763,0.000502157909331,0.000000006817491
Floodway,200.000000000000000,178.66698,0.002317247745620,0.000000192785318
Flood Fringe,100.000000000000000,null,0.031856138823216,0.000010247711482
Floodway,200.000000000000000,196.8635,0.002339417508467,0.000000211090688
Flood Fringe,100.000000000000000,1358.75056,0.015557990373625,0.000005312286567
Flood Fringe,100.000000000000000,null,0.002306639984210,0.000000038237270
Flood Fringe,100.000000000000000,null,0.000587239233295,0.000000014432425
Flood Fringe,100.000000000000000,null,0.007793113504584,0.000000542697036
Flood Fringe,100.000000000000000,null,0.002452329366098,0.000000031640352
Normal River Channel,500.000000000000000,22.91615,0.000276389888205,0.000000003457766
Floodway,200.000000000000000,102.65575,0.001335471771380,0.000000047180756
Flood Fringe,100.000000000000000,15355.15396,0.181788167027456,0.000162509856404
Flood Fringe,100.000000000000000,8930.24644,0.101489944321879,0.000055996799641
Floodplain,400.000000000000000,687.51752,0.009013669596441,0.000000824898192
Normal River Channel,500.000000000000000,709.60464,0.008891581247310,0.000002756207178
Floodway,200.000000000000000,90.39445,0.001128352218091,0.000000038418095
Flood Fringe,100.000000000000000,31.88433,0.000410854726054,0.000000000931277
Floodway,200.000000000000000,162.78367,0.001804162303182,0.000000062555548
Flood Fringe,100.000000000000000,null,0.002426247933036,0.000000257826304
Floodway,200.000000000000000,911.2534,0.011833938137286,0.000002191894665
Flood Fringe,100.000000000000000,null,0.002186952826634,0.000000082011579
Floodway,200.000000000000000,26.99489,0.000264966499650,0.000000004047969
Flood Fringe,100.000000000000000,58.19226,0.000630090931511,0.000000014397057
Floodway,200.000000000000000,8757.85896,0.110010451000990,0.000010202714644
Normal River Channel,500.000000000000000,377.71705,0.004048038074652,0.000000925861269
Normal River Channel,500.000000000000000,677.2002,0.008182972027523,0.000004104906978
Floodway,200.000000000000000,43.14671,0.000549864075663,0.000000011117650
Flood Fringe,100.000000000000000,null,0.003006784297373,0.000000159348625
Flood Fringe,100.000000000000000,null,0.000172347942727,0.000000001129041
Flood Fringe,100.000000000000000,null,0.004501198585952,0.000000365171435
Flood Fringe,100.000000000000000,3069.39405,0.041335006112842,0.000007933604449
Flood Fringe,100.000000000000000,2238.25941,0.029572202822346,0.000017481894836
Floodway,200.000000000000000,58.47759,0.000635577700583,0.000000003583053
Normal River Channel,500.000000000000000,943.55181,0.011651985026499,0.000002841052626
Floodway,200.000000000000000,238.5699,0.002530657752060,0.000000160199592
Floodway,200.000000000000000,23.02131,0.000305672138897,0.000000003410365
Flood Fringe,100.000000000000000,null,0.001565350723983,0.000000049466554
Floodway,200.000000000000000,34.05891,0.000345715740110,0.000000004623852
Flood Fringe,100.000000000000000,null,0.002767487212132,0.000000357192825
Floodway,200.000000000000000,756.9031,0.008813251517477,0.000001838849558
Floodway,200.000000000000000,123.61572,0.001629698977787,0.000000057079625
Normal River Channel,500.000000000000000,320.28695,0.003517610086245,0.000000263032699
Flood Fringe,100.000000000000000,null,0.005928765895261,0.000000280429276
Flood Fringe,100.000000000000000,null,0.004327314145411,0.000000795658291
Floodway,200.000000000000000,2301.25505,0.028327729460360,0.000003406384344
Floodway,200.000000000000000,272.00668,0.003762257348679,0.000000205295235
Flood Fringe,100.000000000000000,null,0.010214621402947,0.000003056908847
Flood Fringe,100.000000000000000,2970.25732,0.030116118867673,0.000014014139628
Flood Fringe,100.000000000000000,null,0.008200206594162,0.000000429017159
Flood Fringe,100.000000000000000,null,0.003891105809728,0.000000682594196
Normal River Channel,500.000000000000000,984.44298,0.010238108302069,0.000004178948272
Floodway,200.000000000000000,392.25364,0.005287550898995,0.000000102711122
Floodway,200.000000000000000,18598.89379,0.164442577052297,0.000101001713679
Normal River Channel,500.000000000000000,2038.45395,0.024212694911119,0.000014732884460
Flood Fringe,100.000000000000000,null,0.011113891528590,0.000000776272566
Normal River Channel,500.000000000000000,387.93032,0.004890289034513,0.000000191638415
Flood Fringe,100.000000000000000,null,0.004965979676598,0.000000602217789
Floodway,200.000000000000000,419.74586,0.005811750861849,0.000000765100081
Floodway,200.000000000000000,246.70782,0.002695533017193,0.000000298665516
Flood Fringe,100.000000000000000,247.18041,0.003040623445957,0.000000138374269
Floodway,200.000000000000000,3941.96319,0.038418571175273,0.000013716456684
Floodway,200.000000000000000,18.85674,0.000234414400145,0.000000002065453
Normal River Channel,500.000000000000000,571.48156,0.006370079701718,0.000000585470927
Floodway,200.000000000000000,1008.31718,0.010435215691460,0.000004166667375
Flood Fringe,100.000000000000000,null,0.006221372091794,0.000000548091920
Flood Fringe,100.000000000000000,null,0.005122729672392,0.000000253722023
Floodway,200.000000000000000,115.28093,0.001207236375625,0.000000059298450
Flood Fringe,100.000000000000000,689.53904,0.008925731879656,0.000000793591139
Normal River Channel,500.000000000000000,1444.45372,0.016610076388321,0.000008398635159
Floodway,200.000000000000000,148.63783,0.001951254477006,0.000000061481997
Floodway,200.000000000000000,23.88544,0.000278393201655,0.000000003565208
Normal River Channel,500.000000000000000,943.92496,0.011204539264510,0.000002364409598
Floodway,200.000000000000000,392.74029,0.005555766020046,0.000000119601075
Flood Fringe,100.000000000000000,null,0.000208614249630,0.000000001269621
Floodway,200.000000000000000,579.28565,0.005452074479421,0.000001015477820
Flood Fringe,100.000000000000000,null,0.006014619695178,0.000000953037460
Normal River Channel,500.000000000000000,32.73495,0.000304524874838,0.000000000517835
Floodway,200.000000000000000,71404.68521,0.271845545477083,0.000257630119165
Flood Fringe,100.000000000000000,null,0.006699985712894,0.000001245208305
Floodway,200.000000000000000,204.26275,0.002431128175114,0.000000162673608
Flood Fringe,100.000000000000000,58.33476,0.000757480668020,0.000000000607340
Normal River Channel,500.000000000000000,222.68202,0.002698011786739,0.000000269297568
Floodway,200.000000000000000,118.73173,0.001604807268697,0.000000053770807
Floodway,200.000000000000000,200.36628,0.002801937855154,0.000000065828931
Floodway,200.000000000000000,1176.43828,0.012169835121501,0.000006728184835
Flood Fringe,100.000000000000000,781.81714,0.008278424425642,0.000001896616255
Flood Fringe,100.000000000000000,null,0.001918727469253,0.000000058481226
Flood Fringe,100.000000000000000,null,0.001660698743355,0.000000040946061
Floodplain,400.000000000000000,111.94682,0.001436765614512,0.000000043650680
Flood Fringe,100.000000000000000,337.18154,0.004583139670438,0.000000001800130
Floodway,200.000000000000000,6201.017,0.070251502247541,0.000037552370158
Floodway,200.000000000000000,390.46087,0.005022719276468,0.000000415167288
Floodway,200.000000000000000,11.27276,0.000130151595811,0.000000001127368
Normal River Channel,500.000000000000000,49262.40636,0.416082099129749,0.000049470069588
Floodway,200.000000000000000,709.53471,0.009600741118138,0.000002077368952
Flood Fringe,100.000000000000000,null,0.004042906150535,0.000000585991926
Flood Fringe,100.000000000000000,null,0.002462750242609,0.000000253860333
Flood Fringe,100.000000000000000,null,0.001943512951245,0.000000061911718
Flood Fringe,100.000000000000000,null,0.002297022177744,0.000000115029217
Normal River Channel,500.000000000000000,2488.52884,0.030268460544575,0.000008981882888
